corps_ar,grade_fr,net_monthly_salary_mad,source_url
أساتذة التربية الوطنية,Prof. agrégé de l'enseignement secondaire qualifié 1er grade,10824,https://www.wadifa-info.com/fr/salaire-Prof-agrégé-de-l'enseignement-secondaire-qualifié-1er-grade-au-maroc
أساتذة التربية الوطنية,Professeur de l'enseignement secondaire qualifié 1er grade,9969,https://www.wadifa-info.com/fr/salaire-Professeur-de-l'enseignement-secondaire-qualifié-1er-grade-au-maroc
أساتذة التربية الوطنية,Professeur de l'enseignement secondaire 1er grade,9451,https://www.wadifa-info.com/fr/salaire-Professeur-de-l'enseignement-secondaire-1er-grade-au-maroc
أساتذة التربية الوطنية,Professeur de l'enseignement secondaire qualifié 2ème grade,7840,https://www.wadifa-info.com/fr/salaire-Professeur-de-l'enseignement-secondaire-qualifié-2ème-grade-au-maroc
أساتذة التربية الوطنية,Professeur de l'enseignement primaire 2ème grade,7363,https://www.wadifa-info.com/fr/salaire-Professeur-de-l'enseignement-primaire-2ème-grade-au-maroc
أساتذة التربية الوطنية,Professeur de l'enseignement secondaire collégial 2ème grade,7363,https://www.wadifa-info.com/fr/salaire-Professeur-de-l'enseignement-secondaire-collégial-2ème-grade-au-maroc
أساتذة التربية الوطنية,Professeur de l'enseignement secondaire 2ème grade,7331,https://www.wadifa-info.com/fr/salaire-Professeur-de-l'enseignement-secondaire-2ème-grade-au-maroc
أطباء بياطرة,Médecin Vétérinaire hors grade,20600,https://www.wadifa-info.com/fr/salaire-Médecin-Vétérinaire-hors-grade-au-maroc
أطباء بياطرة,Médecin Vétérinaire grade exceptionnel,17741,https://www.wadifa-info.com/fr/salaire-Médecin-Vétérinaire-grade-exceptionnel-au-maroc
أطباء بياطرة,Médecin Vétérinaire grade principal,15525,https://www.wadifa-info.com/fr/salaire-Médecin-Vétérinaire-grade-principal-au-maroc
أطباء بياطرة,Médecins veterinaires premier grade,12351,https://www.wadifa-info.com/fr/salaire-Médecins-veterinaires-premier-grade-au-maroc
أطباء و صيادلة و جراحو الأسنان,Médecins premier grade,12351,https://www.wadifa-info.com/fr/salaire-Médecins-premier-grade-au-maroc
أطباء و صيادلة و جراحو الأسنان,Pharmacien premier grade,12351,https://www.wadifa-info.com/fr/salaire-Pharmacien-premier-grade-au-maroc
أطباء و صيادلة و جراحو الأسنان,Chirurgien dentiste premier grade,12351,https://www.wadifa-info.com/fr/salaire-Chirurgien-dentiste-premier-grade-au-maroc
أطباء و صيادلة و جراحي الأسنان,Medecins hors grade,20600,https://www.wadifa-info.com/fr/salaire-Medecins-hors-grade-au-maroc
أطباء و صيادلة و جراحي الأسنان,Pharmacien spécialiste hors grade,20600,https://www.wadifa-info.com/fr/salaire-Pharmacien-spécialiste-hors-grade-au-maroc
أطباء و صيادلة و جراحي الأسنان,Chirurgien dentiste hors grade,20600,https://www.wadifa-info.com/fr/salaire-Chirurgien-dentiste-hors-grade-au-maroc
أطباء و صيادلة و جراحي الأسنان,Médecin spécialiste hors grade,20600,https://www.wadifa-info.com/fr/salaire-Médecin-spécialiste-hors-grade-au-maroc
أطباء و صيادلة و جراحي الأسنان,Pharmacien hors grade,20600,https://www.wadifa-info.com/fr/salaire-Pharmacien-hors-grade-au-maroc
أطباء و صيادلة و جراحي الأسنان,Chirurgien dentiste spécialiste hors grade,20600,https://www.wadifa-info.com/fr/salaire-Chirurgien-dentiste-spécialiste-hors-grade-au-maroc
أطباء و صيادلة و جراحي الأسنان,Pharmacien spécialiste grade exceptionnel,17741,https://www.wadifa-info.com/fr/salaire-Pharmacien-spécialiste-grade-exceptionnel-au-maroc
أطباء و صيادلة و جراحي الأسنان,Chirurgien dentiste spécialiste grade exceptionnel,17741,https://www.wadifa-info.com/fr/salaire-Chirurgien-dentiste-spécialiste-grade-exceptionnel-au-maroc
أطباء و صيادلة و جراحي الأسنان,Pharmacien grade exceptionnel,17741,https://www.wadifa-info.com/fr/salaire-Pharmacien-grade-exceptionnel-au-maroc
أطباء و صيادلة و جراحي الأسنان,Chirurgien dentiste grade exceptionnel,17741,https://www.wadifa-info.com/fr/salaire-Chirurgien-dentiste-grade-exceptionnel-au-maroc
أطباء و صيادلة و جراحي الأسنان,Medecins grade exceptionnel,17741,https://www.wadifa-info.com/fr/salaire-Medecins-grade-exceptionnel-au-maroc
أطباء و صيادلة و جراحي الأسنان,Médecin spécialiste grade exceptionnel,17741,https://www.wadifa-info.com/fr/salaire-Médecin-spécialiste-grade-exceptionnel-au-maroc
أطباء و صيادلة و جراحي الأسنان,Chirurgien dentiste spécialiste grade principal,15525,https://www.wadifa-info.com/fr/salaire-Chirurgien-dentiste-spécialiste-grade-principal-au-maroc
أطباء و صيادلة و جراحي الأسنان,Médecin spécialiste grade principal,15525,https://www.wadifa-info.com/fr/salaire-Médecin-spécialiste-grade-principal-au-maroc
أطباء و صيادلة و جراحي الأسنان,Medecins grade principal,15525,https://www.wadifa-info.com/fr/salaire-Medecins-grade-principal-au-maroc
أطباء و صيادلة و جراحي الأسنان,Chirurgien dentiste grade principal,15525,https://www.wadifa-info.com/fr/salaire-Chirurgien-dentiste-grade-principal-au-maroc
أطباء و صيادلة و جراحي الأسنان,Pharmacien grade principal,15525,https://www.wadifa-info.com/fr/salaire-Pharmacien-grade-principal-au-maroc
أطباء و صيادلة و جراحي الأسنان,Pharmacien spécialiste grade principal,15525,https://www.wadifa-info.com/fr/salaire-Pharmacien-spécialiste-grade-principal-au-maroc
أطباء و صيادلة و جراحي الأسنان,Pharmacien spécialiste premier grade,12351,https://www.wadifa-info.com/fr/salaire-Pharmacien-spécialiste-premier-grade-au-maroc
أطباء و صيادلة و جراحي الأسنان,Chirurgien dentiste spécialiste premier grade,12351,https://www.wadifa-info.com/fr/salaire-Chirurgien-dentiste-spécialiste-premier-grade-au-maroc
أطباء و صيادلة و جراحي الأسنان,Médecin spécialiste premier grade,12351,https://www.wadifa-info.com/fr/salaire-Médecin-spécialiste-premier-grade-au-maroc
أطر التكوين و الإشراف و التوجيه و التخطيط و تفتيش مؤسسات التكوين المهني,Inspecteur 2ème grade,12562,https://www.wadifa-info.com/fr/salaire-Inspecteur-2ème-grade-au-maroc
أطر التكوين و الإشراف و التوجيه و التخطيط و تفتيش مؤسسات التكوين المهني,Conseiller en orientation et en planification professionnelle 1er  grade,11370,https://www.wadifa-info.com/fr/salaire-Conseiller-en-orientation-et-en-planification-professionnelle-1er-grade-au-maroc
أطر التكوين و الإشراف و التوجيه و التخطيط و تفتيش مؤسسات التكوين المهني,Professeur 3ème grade,10250,https://www.wadifa-info.com/fr/salaire-Professeur-3ème-grade-au-maroc
أطر التكوين و الإشراف و التوجيه و التخطيط و تفتيش مؤسسات التكوين المهني,Conseiller en orientation et en planification professionnelle  2ème  grade,7390,https://www.wadifa-info.com/fr/salaire-Conseiller-en-orientation-et-en-planification-professionnelle-2ème-grade-au-maroc
أطر المجلس الأعلى للحسابات,Magistrat du grade exceptionnel (Regroupement des cadres de la cour des comptes),39860,https://www.wadifa-info.com/fr/salaire-Magistrat-du-grade-exceptionnel-(Regroupement-des-cadres-de-la-cour-des-comptes)-au-maroc
أطر المجلس الأعلى للحسابات,Magistrat du deuxiéme grade (Regroupement des cadres de la cour des comptes),18052,https://www.wadifa-info.com/fr/salaire-Magistrat-du-deuxiéme-grade-(Regroupement-des-cadres-de-la-cour-des-comptes)-au-maroc
أطر المجلس الأعلى للحسابات,Magistrat du troisiéme grade (Regroupement des cadres de la cour des comptes),15944,https://www.wadifa-info.com/fr/salaire-Magistrat-du-troisiéme-grade-(Regroupement-des-cadres-de-la-cour-des-comptes)-au-maroc
أطر المجلس الأعلى للحسابات,Magistrat adjoint du deuxiéme grade,13877,https://www.wadifa-info.com/fr/salaire-Magistrat-adjoint-du-deuxiéme-grade-au-maroc
أطر المجلس الأعلى للحسابات,Magistrat adjoint du troisiéme grade,12189,https://www.wadifa-info.com/fr/salaire-Magistrat-adjoint-du-troisiéme-grade-au-maroc
أطر وزارة الشغل,Inspecteur du travail de 2ème grade,15094,https://www.wadifa-info.com/fr/salaire-Inspecteur-du-travail-de-2ème-grade-au-maroc
أطر وزارة الشغل,Inspecteur du travail de 3ème grade,10741,https://www.wadifa-info.com/fr/salaire-Inspecteur-du-travail-de-3ème-grade-au-maroc
أطر وزارة الصحة,Adjoint de santé diplomé d'Etat,5575,https://www.wadifa-info.com/fr/salaire-Adjoint-de-santé-diplomé-d'Etat-au-maroc
أطر وزارة الصحة,Adjoint de santé breveté principal,5240,https://www.wadifa-info.com/fr/salaire-Adjoint-de-santé-breveté-principal-au-maroc
أطر وزارة الصحة,Adjoint de santé breveté,4939,https://www.wadifa-info.com/fr/salaire-Adjoint-de-santé-breveté-au-maroc
أطر وزارة الصحة,Aide sanitaire,4464,https://www.wadifa-info.com/fr/salaire-Aide-sanitaire-au-maroc
الأساتذة الباحثون بمؤسسات تكوين الأطر العليا,Prof. de l'enseignement supérieur assistant grade A,13052,https://www.wadifa-info.com/fr/salaire-Prof-de-l'enseignement-supérieur-assistant-grade-A-au-maroc
الأساتذة الباحثون في الطب و الصيدلة و طب الأسنان,Professeur Agrégé grade A,25948,https://www.wadifa-info.com/fr/salaire-Professeur-Agrégé-grade-A-au-maroc
الأساتذة الباحثون للتعليم العالي,Prof. de l'enseignement supérieur grade A,21834,https://www.wadifa-info.com/fr/salaire-Prof-de-l'enseignement-supérieur-grade-A-au-maroc
الأساتذة الباحثون للتعليم العالي,Professeur de l'enseignement supérieur,21834,https://www.wadifa-info.com/fr/salaire-Professeur-de-l'enseignement-supérieur-au-maroc
الأساتذة الباحثون للتعليم العالي,Maître de conférences grade A,16658,https://www.wadifa-info.com/fr/salaire-Maître-de-conférences-grade-A-au-maroc
الأساتذة الباحثين بمؤسسات التعليم العالي غير التابعة للجامعات,Professeur de l'enseignement supérieur de grade 'D' (Enseignants chercheurs des établissements d'enseignement supérieur ne relevant pas des universités),33249,https://www.wadifa-info.com/fr/salaire-Professeur-de-l'enseignement-supérieur-de-grade-'D'-(Enseignants-chercheurs-des-établissements-d'enseignement-supérieur-ne-relevant-pas-des-universités)-au-maroc
الأساتذة الباحثين بمؤسسات التعليم العالي غير التابعة للجامعات,Professeur de l'enseignement supérieur de grade 'C' (Enseignants chercheurs des établissements d'enseignement supérieur ne relevant pas des universités),29856,https://www.wadifa-info.com/fr/salaire-Professeur-de-l'enseignement-supérieur-de-grade-'C'-(Enseignants-chercheurs-des-établissements-d'enseignement-supérieur-ne-relevant-pas-des-universités)-au-maroc
الأساتذة الباحثين بمؤسسات التعليم العالي غير التابعة للجامعات,Professeur de l'enseignement supérieur de grade 'B' (Enseignants chercheurs des établissements d'enseignement supérieur ne relevant pas des universités),26157,https://www.wadifa-info.com/fr/salaire-Professeur-de-l'enseignement-supérieur-de-grade-'B'-(Enseignants-chercheurs-des-établissements-d'enseignement-supérieur-ne-relevant-pas-des-universités)-au-maroc
الأساتذة الباحثين بمؤسسات التعليم العالي غير التابعة للجامعات,Maître de conférence habilité de grade 'C' (Enseignants chercheurs des établissements d'enseignement supérieur ne relevant pas des universités),22510,https://www.wadifa-info.com/fr/salaire-Maître-de-conférence-habilité-de-grade-'C'-(Enseignants-chercheurs-des-établissements-d'enseignement-supérieur-ne-relevant-pas-des-universités)-au-maroc
الأساتذة الباحثين بمؤسسات التعليم العالي غير التابعة للجامعات,Professeur de l'enseignement supérieur de grade 'A' (Enseignants chercheurs des établissements d'enseignement supérieur ne relevant pas des universités),22503,https://www.wadifa-info.com/fr/salaire-Professeur-de-l'enseignement-supérieur-de-grade-'A'-(Enseignants-chercheurs-des-établissements-d'enseignement-supérieur-ne-relevant-pas-des-universités)-au-maroc
الأساتذة الباحثين بمؤسسات التعليم العالي غير التابعة للجامعات,Maître de conférence de grade 'D' (Enseignants chercheurs des établissements d'enseignement supérieur ne relevant pas des universités),21808,https://www.wadifa-info.com/fr/salaire-Maître-de-conférence-de-grade-'D'-(Enseignants-chercheurs-des-établissements-d'enseignement-supérieur-ne-relevant-pas-des-universités)-au-maroc
الأساتذة الباحثين بمؤسسات التعليم العالي غير التابعة للجامعات,Maître de conférence habilité de grade 'B' (Enseignants chercheurs des établissements d'enseignement supérieur ne relevant pas des universités),21033,https://www.wadifa-info.com/fr/salaire-Maître-de-conférence-habilité-de-grade-'B'-(Enseignants-chercheurs-des-établissements-d'enseignement-supérieur-ne-relevant-pas-des-universités)-au-maroc
الأساتذة الباحثين بمؤسسات التعليم العالي غير التابعة للجامعات,Maître de conférence de grade 'C' (Enseignants chercheurs des établissements d'enseignement supérieur ne relevant pas des universités),20418,https://www.wadifa-info.com/fr/salaire-Maître-de-conférence-de-grade-'C'-(Enseignants-chercheurs-des-établissements-d'enseignement-supérieur-ne-relevant-pas-des-universités)-au-maroc
الأساتذة الباحثين بمؤسسات التعليم العالي غير التابعة للجامعات,Maître de conférence habilité de grade 'A' (Enseignants chercheurs des établissements d'enseignement supérieur ne relevant pas des universités),19323,https://www.wadifa-info.com/fr/salaire-Maître-de-conférence-habilité-de-grade-'A'-(Enseignants-chercheurs-des-établissements-d'enseignement-supérieur-ne-relevant-pas-des-universités)-au-maroc
الأساتذة الباحثين بمؤسسات التعليم العالي غير التابعة للجامعات,Maître de conférence de grade 'B' (Enseignants chercheurs des établissements d'enseignement supérieur ne relevant pas des universités),18805,https://www.wadifa-info.com/fr/salaire-Maître-de-conférence-de-grade-'B'-(Enseignants-chercheurs-des-établissements-d'enseignement-supérieur-ne-relevant-pas-des-universités)-au-maroc
الأساتذة الباحثين بمؤسسات التعليم العالي غير التابعة للجامعات,Maître de conférence de grade 'A' (Enseignants chercheurs des établissements d'enseignement supérieur ne relevant pas des universités),17242,https://www.wadifa-info.com/fr/salaire-Maître-de-conférence-de-grade-'A'-(Enseignants-chercheurs-des-établissements-d'enseignement-supérieur-ne-relevant-pas-des-universités)-au-maroc
الأطر الديبلوماسيين و القنصليين,Ministre plénipotentiaire,14223,https://www.wadifa-info.com/fr/salaire-Ministre-plénipotentiaire-au-maroc
الأطر الديبلوماسيين و القنصليين,Chancelier 1er grade,11418,https://www.wadifa-info.com/fr/salaire-Chancelier-1er-grade-au-maroc
الأطر الديبلوماسيين و القنصليين,Attaché des affaires étrangères 2ème grade,11226,https://www.wadifa-info.com/fr/salaire-Attaché-des-affaires-étrangères-2ème-grade-au-maroc
الأطر الديبلوماسيين و القنصليين,Conseiller des affaires étrangères,10794,https://www.wadifa-info.com/fr/salaire-Conseiller-des-affaires-étrangères-au-maroc
الأطر الديبلوماسيين و القنصليين,Secrétaire des affaires étrangères,6879,https://www.wadifa-info.com/fr/salaire-Secrétaire-des-affaires-étrangères-au-maroc
الأطر الديبلوماسيين و القنصليين,Attaché des affaires étrangères 3ème grade,6232,https://www.wadifa-info.com/fr/salaire-Attaché-des-affaires-étrangères-3ème-grade-au-maroc
الأطر الديبلوماسيين و القنصليين,Chancelier 2ème grade,5986,https://www.wadifa-info.com/fr/salaire-Chancelier-2ème-grade-au-maroc
الأطر الديبلوماسيين و القنصليين,Attaché des affaires étrangères 4ème grade,5566,https://www.wadifa-info.com/fr/salaire-Attaché-des-affaires-étrangères-4ème-grade-au-maroc
الأطر الديبلوماسيين و القنصليين,Chancelier 3ème grade,5310,https://www.wadifa-info.com/fr/salaire-Chancelier-3ème-grade-au-maroc
الأطر الديبلوماسيين و القنصليين,Chancelier 4ème grade,4916,https://www.wadifa-info.com/fr/salaire-Chancelier-4ème-grade-au-maroc
الأطر الديبلوماسيين و القنصليين,Attaché des affaires étrangères de 4ème grade,4482,https://www.wadifa-info.com/fr/salaire-Attaché-des-affaires-étrangères-de-4ème-grade-au-maroc
الأمن الوطني,Commissaire de police principal,16274,https://www.wadifa-info.com/fr/salaire-Commissaire-de-police-principal-au-maroc
الأمن الوطني,Commissaire de police,11845,https://www.wadifa-info.com/fr/salaire-Commissaire-de-police-au-maroc
الأمن الوطني,Officier de police,8910,https://www.wadifa-info.com/fr/salaire-Officier-de-police-au-maroc
الأمن الوطني,Officier de paix,8910,https://www.wadifa-info.com/fr/salaire-Officier-de-paix-au-maroc
الأمن الوطني,Inspecteur de police,7203,https://www.wadifa-info.com/fr/salaire-Inspecteur-de-police-au-maroc
الأمن الوطني,Gardien de la paix,6756,https://www.wadifa-info.com/fr/salaire-Gardien-de-la-paix-au-maroc
الأمناء القضائيين,Secrétaire juridique de 1er grade,12682,https://www.wadifa-info.com/fr/salaire-Secrétaire-juridique-de-1er-grade-au-maroc
الأمناء القضائيين,Secrétaire juridique de 2ème grade,7277,https://www.wadifa-info.com/fr/salaire-Secrétaire-juridique-de-2ème-grade-au-maroc
الأمناء القضائيين,Secrétaire juridique de 3ème grade,6011,https://www.wadifa-info.com/fr/salaire-Secrétaire-juridique-de-3ème-grade-au-maroc
الأمناء القضائيين,Secrétaire juridique de 4ème grade,5788,https://www.wadifa-info.com/fr/salaire-Secrétaire-juridique-de-4ème-grade-au-maroc
التقنيون,Technicien de 3ème grade,5795,https://www.wadifa-info.com/fr/salaire-Technicien-de-3ème-grade-au-maroc
التقنيون,Technicien de 4ème grade,5566,https://www.wadifa-info.com/fr/salaire-Technicien-de-4ème-grade-au-maroc
التوجيه و التخطيط التربوي للتربية الوطنية,Inspecteur en orientation de l'éducation 1er grade,11907,https://www.wadifa-info.com/fr/salaire-Inspecteur-en-orientation-de-l'éducation-1er-grade-au-maroc
التوجيه و التخطيط التربوي للتربية الوطنية,Inspecteur en planification de l'éducation  1er grade,11907,https://www.wadifa-info.com/fr/salaire-Inspecteur-en-planification-de-l'éducation-1er-grade-au-maroc
التوجيه و التخطيط التربوي للتربية الوطنية,Conseiller en planification de l'éducation 1er grade,10444,https://www.wadifa-info.com/fr/salaire-Conseiller-en-planification-de-l'éducation-1er-grade-au-maroc
التوجيه و التخطيط التربوي للتربية الوطنية,Conseillers en orientation de l'education 1er grade,10444,https://www.wadifa-info.com/fr/salaire-Conseillers-en-orientation-de-l'education-1er-grade-au-maroc
القضاة,Magistrat de grade principal,34312,https://www.wadifa-info.com/fr/salaire-Magistrat-de-grade-principal-au-maroc
القضاة,Magistrat du premier grade (Magistrats),18805,https://www.wadifa-info.com/fr/salaire-Magistrat-du-premier-grade-(Magistrats)-au-maroc
القضاة,Magistrat du troisiéme grade (Magistrats),18741,https://www.wadifa-info.com/fr/salaire-Magistrat-du-troisiéme-grade-(Magistrats)-au-maroc
القضاة,Magistrat du deuxiéme grade (Magistrats),17724,https://www.wadifa-info.com/fr/salaire-Magistrat-du-deuxiéme-grade-(Magistrats)-au-maroc
المتصرفون,Administrateur 2ème grade,9506,https://www.wadifa-info.com/fr/salaire-Administrateur-2ème-grade-au-maroc
المتصرفون,Administrateur 3ème grade,6855,https://www.wadifa-info.com/fr/salaire-Administrateur-3ème-grade-au-maroc
المحررون,Rédacteur 4ème grade,5566,https://www.wadifa-info.com/fr/salaire-Rédacteur-4ème-grade-au-maroc
المختصون التربويون والمختصون الاجتماعيون ومختصو الاقتصاد والإدارة,Spécialiste d'économie et administration 2ème grade,8045,https://www.wadifa-info.com/fr/salaire-Spécialiste-d'économie-et-administration-2ème-grade-au-maroc
المختصون التربويون والمختصون الاجتماعيون ومختصو الاقتصاد والإدارة,Spécialiste social 2ème grade,7363,https://www.wadifa-info.com/fr/salaire-Spécialiste-social-2ème-grade-au-maroc
المختصون التربويون والمختصون الاجتماعيون ومختصو الاقتصاد والإدارة,Spécialiste pédagogique 2ème grade,7363,https://www.wadifa-info.com/fr/salaire-Spécialiste-pédagogique-2ème-grade-au-maroc
المساعدون الإداريون,Adjoint administratif 2ème grade,4933,https://www.wadifa-info.com/fr/salaire-Adjoint-administratif-2ème-grade-au-maroc
المساعدون التقنيون,Adjoint technique 2ème grade,3985,https://www.wadifa-info.com/fr/salaire-Adjoint-technique-2ème-grade-au-maroc
المستشارون القانونيون,Conseiller juridique du premier grade,23823,https://www.wadifa-info.com/fr/salaire-Conseiller-juridique-du-premier-grade-au-maroc
المستشارون القانونيون,Conseiller juridique du deuxième grade,12533,https://www.wadifa-info.com/fr/salaire-Conseiller-juridique-du-deuxième-grade-au-maroc
المستشارين القانونيين,Conseiller juridique grade exceptionnel,32737,https://www.wadifa-info.com/fr/salaire-Conseiller-juridique-grade-exceptionnel-au-maroc
المفتشية العامة للمالية,Inspecteur des Finances,12677,https://www.wadifa-info.com/fr/salaire-Inspecteur-des-Finances-au-maroc
الممرضون و تقنيو الصحة,Infirmier de grade principal,10518,https://www.wadifa-info.com/fr/salaire-Infirmier-de-grade-principal-au-maroc
الممرضون و تقنيو الصحة,Sage-femme de grade principal,10518,https://www.wadifa-info.com/fr/salaire-Sage-femme-de-grade-principal-au-maroc
الممرضون و تقنيو الصحة,Technicien de santé de grade principal,10518,https://www.wadifa-info.com/fr/salaire-Technicien-de-santé-de-grade-principal-au-maroc
الممرضون و تقنيو الصحة,kinésithérapeute de grade principal,10518,https://www.wadifa-info.com/fr/salaire-kinésithérapeute-de-grade-principal-au-maroc
الممرضون و تقنيو الصحة,Assistant médico-social de grade principal,10518,https://www.wadifa-info.com/fr/salaire-Assistant-médico-social-de-grade-principal-au-maroc
الممرضون و تقنيو الصحة,Assistant médico-social de premier grade,8425,https://www.wadifa-info.com/fr/salaire-Assistant-médico-social-de-premier-grade-au-maroc
الممرضون و تقنيو الصحة,kinésithérapeute de premier grade,8425,https://www.wadifa-info.com/fr/salaire-kinésithérapeute-de-premier-grade-au-maroc
الممرضون و تقنيو الصحة,Technicien de santé de premier grade,8425,https://www.wadifa-info.com/fr/salaire-Technicien-de-santé-de-premier-grade-au-maroc
الممرضون و تقنيو الصحة,Sage-femme de premier grade,8425,https://www.wadifa-info.com/fr/salaire-Sage-femme-de-premier-grade-au-maroc
الممرضون و تقنيو الصحة,Infirmier de premier grade,8425,https://www.wadifa-info.com/fr/salaire-Infirmier-de-premier-grade-au-maroc
الممونون و مفتشو المصالح المادية و المالية للتربية الوطنية,Inspecteur des services matériels et financiers 1er grade,11364,https://www.wadifa-info.com/fr/salaire-Inspecteur-des-services-matériels-et-financiers-1er-grade-au-maroc
الممونون و مفتشو المصالح المادية و المالية للتربية الوطنية,Intendant 1er grade,10182,https://www.wadifa-info.com/fr/salaire-Intendant-1er-grade-au-maroc
الممونون و مفتشو المصالح المادية و المالية للتربية الوطنية,Intendant 2ème grade,8185,https://www.wadifa-info.com/fr/salaire-Intendant-2ème-grade-au-maroc
المهندسون و المهندسون المعماريون,Ingénieur d'Etat 1er grade,10902,https://www.wadifa-info.com/fr/salaire-Ingénieur-d'Etat-1er-grade-au-maroc
المهندسون و المهندسون المعماريون,Architecte 1er grade,10902,https://www.wadifa-info.com/fr/salaire-Architecte-1er-grade-au-maroc
الوقاية المدنية,Lieutenant,8779,https://www.wadifa-info.com/fr/salaire-Lieutenant-au-maroc
الوقاية المدنية,Sergent,4906,https://www.wadifa-info.com/fr/salaire-Sergent-au-maroc
تجميع أطر التكوين و الإشراف و التوجيه و التخطيط و تفتيش مؤسسات التكوين المهني,Inspecteur 1er grade,15087,https://www.wadifa-info.com/fr/salaire-Inspecteur-1er-grade-au-maroc
تجميع أطر التكوين و الإشراف و التوجيه و التخطيط و تفتيش مؤسسات التكوين المهني,Conseiller en orientation et en planification professionnelle du grade principal,15087,https://www.wadifa-info.com/fr/salaire-Conseiller-en-orientation-et-en-planification-professionnelle-du-grade-principal-au-maroc
تجميع أطر التكوين و الإشراف و التوجيه و التخطيط و تفتيش مؤسسات التكوين المهني,Professeur du 1er grade,14608,https://www.wadifa-info.com/fr/salaire-Professeur-du-1er-grade-au-maroc
تجميع أطر التكوين و الإشراف و التوجيه و التخطيط و تفتيش مؤسسات التكوين المهني,Conseiller en orientation et en planification professionnelle du 1er grade,12562,https://www.wadifa-info.com/fr/salaire-Conseiller-en-orientation-et-en-planification-professionnelle-du-1er-grade-au-maroc
تجميع أطر التكوين و الإشراف و التوجيه و التخطيط و تفتيش مؤسسات التكوين المهني,Chef de travaux premier grade,10250,https://www.wadifa-info.com/fr/salaire-Chef-de-travaux-premier-grade-au-maroc
تجميع أطر التكوين و الإشراف و التوجيه و التخطيط و تفتيش مؤسسات التكوين المهني,Professeur du 2éme grade,8960,https://www.wadifa-info.com/fr/salaire-Professeur-du-2éme-grade-au-maroc
تجميع أطر التكوين و الإشراف و التوجيه و التخطيط و تفتيش مؤسسات التكوين المهني,Conseiller en orientation et en planification professionnelle du 2ème grade,8602,https://www.wadifa-info.com/fr/salaire-Conseiller-en-orientation-et-en-planification-professionnelle-du-2ème-grade-au-maroc
تجميع أطر التكوين و الإشراف و التوجيه و التخطيط و تفتيش مؤسسات التكوين المهني,Chef de travaux deuxième grade,6016,https://www.wadifa-info.com/fr/salaire-Chef-de-travaux-deuxième-grade-au-maroc
تجميع أطر التكوين و الإشراف و التوجيه و التخطيط و تفتيش مؤسسات التكوين المهني,Chef de travaux troisième grade,5713,https://www.wadifa-info.com/fr/salaire-Chef-de-travaux-troisième-grade-au-maroc
تجميع درجات وزارة الشغل,Inspecteur du travail de 1er grade,17612,https://www.wadifa-info.com/fr/salaire-Inspecteur-du-travail-de-1er-grade-au-maroc
تجميع درجات وزارة الشغل,Inspecteur adjoint du travail de 1er grade,11210,https://www.wadifa-info.com/fr/salaire-Inspecteur-adjoint-du-travail-de-1er-grade-au-maroc
تجميع درجات وزارة الشغل,Inspecteur adjoint du travail de 2ème grade,8855,https://www.wadifa-info.com/fr/salaire-Inspecteur-adjoint-du-travail-de-2ème-grade-au-maroc
تجميع درجات وزارة الشغل,Inspecteur adjoint du travail de 3ème grade,7545,https://www.wadifa-info.com/fr/salaire-Inspecteur-adjoint-du-travail-de-3ème-grade-au-maroc
تجميع درجات وزارة الشغل,Inspecteur adjoint du travail de 4ème grade,7066,https://www.wadifa-info.com/fr/salaire-Inspecteur-adjoint-du-travail-de-4ème-grade-au-maroc
تقنيين,Technicien de 1er grade,8960,https://www.wadifa-info.com/fr/salaire-Technicien-de-1er-grade-au-maroc
تقنيين,Technicien de 2éme grade,6855,https://www.wadifa-info.com/fr/salaire-Technicien-de-2éme-grade-au-maroc
رجال التعليم الباحثين في مؤسسات تكوين الاطارات العليا (17 أكتوبر 1975),"Maître assistant des établissemnts de formation des cadres du grade ""C""",17032,https://www.wadifa-info.com/fr/salaire-Maître-assistant-des-établissemnts-de-formation-des-cadres-du-grade-C-au-maroc
رجال التعليم الباحثين في مؤسسات تكوين الاطارات العليا (17 أكتوبر 1975),"Maître assistant des établissements de formation des cadres du grade ""B""",15203,https://www.wadifa-info.com/fr/salaire-Maître-assistant-des-établissements-de-formation-des-cadres-du-grade-B-au-maroc
رجال التعليم الباحثين في مؤسسات تكوين الاطارات العليا (17 أكتوبر 1975),"Assistant des établissements de formation des cadres du grade ""B""",14454,https://www.wadifa-info.com/fr/salaire-Assistant-des-établissements-de-formation-des-cadres-du-grade-B-au-maroc
رجال التعليم الباحثين في مؤسسات تكوين الاطارات العليا (17 أكتوبر 1975),"Maître assistant des établissements de formation des cadres du grade ""A""",13601,https://www.wadifa-info.com/fr/salaire-Maître-assistant-des-établissements-de-formation-des-cadres-du-grade-A-au-maroc
رجال التعليم الباحثين في مؤسسات تكوين الاطارات العليا (17 أكتوبر 1975),"Assistant des établissemnts de formation des cadres du grade ""A""",10777,https://www.wadifa-info.com/fr/salaire-Assistant-des-établissemnts-de-formation-des-cadres-du-grade-A-au-maroc
رجال السلطة,Gouverneur principal,38819,https://www.wadifa-info.com/fr/salaire-Gouverneur-principal-au-maroc
رجال السلطة,Gouverneur,37074,https://www.wadifa-info.com/fr/salaire-Gouverneur-au-maroc
رجال السلطة,Pacha principal,20456,https://www.wadifa-info.com/fr/salaire-Pacha-principal-au-maroc
رجال السلطة,Pacha,17268,https://www.wadifa-info.com/fr/salaire-Pacha-au-maroc
رجال السلطة,Caid pricipal,15160,https://www.wadifa-info.com/fr/salaire-Caid-pricipal-au-maroc
رجال السلطة,Caid,12937,https://www.wadifa-info.com/fr/salaire-Caid-au-maroc
رجال السلطة,Khalifa de de caid principal,7534,https://www.wadifa-info.com/fr/salaire-Khalifa-de-de-caid-principal-au-maroc
رجال السلطة,Khalifa de caid de 1er grade,6535,https://www.wadifa-info.com/fr/salaire-Khalifa-de-caid-de-1er-grade-au-maroc
رجال السلطة,Khalifa de Caïd de 2ème Grade,5626,https://www.wadifa-info.com/fr/salaire-Khalifa-de-Caïd-de-2ème-Grade-au-maroc
رجال الصف بالقوات المساعدة,Mokhzeni des  F.A,4561,https://www.wadifa-info.com/fr/salaire-Mokhzeni-des-FA-au-maroc
متصرفي التربية الوطنية,Administrateur de l'éducation nationale premier grade,9512,https://www.wadifa-info.com/fr/salaire-Administrateur-de-l'éducation-nationale-premier-grade-au-maroc
متصرفي وزارة الداخلية,Administrateur principal,15112,https://www.wadifa-info.com/fr/salaire-Administrateur-principal-au-maroc
متصرفي وزارة الداخلية,Administrateur classe exceptionnelle,12844,https://www.wadifa-info.com/fr/salaire-Administrateur-classe-exceptionnelle-au-maroc
متصرفي وزارة الداخلية,Administrateur premiére classe,12356,https://www.wadifa-info.com/fr/salaire-Administrateur-premiére-classe-au-maroc
متصرفي وزارة الداخلية,Administrateur deuxiéme classe,9506,https://www.wadifa-info.com/fr/salaire-Administrateur-deuxiéme-classe-au-maroc
متصرفي وزارة الداخلية,Administrateur de l'Interieur,9506,https://www.wadifa-info.com/fr/salaire-Administrateur-de-l'Interieur-au-maroc
متصرفي وزارة الداخلية,Administrateur adjoint classe exceptionnelle,8864,https://www.wadifa-info.com/fr/salaire-Administrateur-adjoint-classe-exceptionnelle-au-maroc
متصرفي وزارة الداخلية,Administrateur adjoint premiére classe,8332,https://www.wadifa-info.com/fr/salaire-Administrateur-adjoint-premiére-classe-au-maroc
متصرفي وزارة الداخلية,Administrateur adjoint deuxiéme classe,6855,https://www.wadifa-info.com/fr/salaire-Administrateur-adjoint-deuxiéme-classe-au-maroc
متصرفي وزارة الداخلية,Administrateur adjoint de l'Interieur,6855,https://www.wadifa-info.com/fr/salaire-Administrateur-adjoint-de-l'Interieur-au-maroc
متصرفين,Administrateur de 1er grade -Imprimerie-,15600,https://www.wadifa-info.com/fr/salaire-Administrateur-de-1er-grade-Imprimerie--au-maroc
متصرفين,Administrateur de 1er grade,15112,https://www.wadifa-info.com/fr/salaire-Administrateur-de-1er-grade-au-maroc
متصرفين,Administrateur 2ème grade -Imprimerie-,10047,https://www.wadifa-info.com/fr/salaire-Administrateur-2ème-grade-Imprimerie--au-maroc
متصرفين,Administrateur 3ème grade -Imprimerie-,7521,https://www.wadifa-info.com/fr/salaire-Administrateur-3ème-grade-Imprimerie--au-maroc
محافظون قضائيون,conservateur judiciaire 2ième grade,10625,https://www.wadifa-info.com/fr/salaire-conservateur-judiciaire-2ième-grade-au-maroc
محررين,Rédacteur de 1er grade,8960,https://www.wadifa-info.com/fr/salaire-Rédacteur-de-1er-grade-au-maroc
محررين,Rédacteur de 2eme grade,6855,https://www.wadifa-info.com/fr/salaire-Rédacteur-de-2eme-grade-au-maroc
محررين,Rédacteur de 3eme grade,5795,https://www.wadifa-info.com/fr/salaire-Rédacteur-de-3eme-grade-au-maroc
مساعدين إداريين,Adjoint administratif grade principal,5795,https://www.wadifa-info.com/fr/salaire-Adjoint-administratif-grade-principal-au-maroc
مساعدين إداريين,Adjoint administratif 1er grade,5566,https://www.wadifa-info.com/fr/salaire-Adjoint-administratif-1er-grade-au-maroc
مساعدين تقنيين,Adjoint administratif technique principal -Imprimerie-,6434,https://www.wadifa-info.com/fr/salaire-Adjoint-administratif-technique-principal-Imprimerie--au-maroc
مساعدين تقنيين,Adjoint technique 1er grade -Imprimerie-,6143,https://www.wadifa-info.com/fr/salaire-Adjoint-technique-1er-grade-Imprimerie--au-maroc
مساعدين تقنيين,Adjoint technique grade principal,5795,https://www.wadifa-info.com/fr/salaire-Adjoint-technique-grade-principal-au-maroc
مساعدين تقنيين,Adjoint technique 1er grade,5566,https://www.wadifa-info.com/fr/salaire-Adjoint-technique-1er-grade-au-maroc
مساعدين تقنيين,Adjoint technique 2eme grade -Imprimerie-,5556,https://www.wadifa-info.com/fr/salaire-Adjoint-technique-2eme-grade-Imprimerie--au-maroc
مفتشو الإدارة الترابية,Inspecteur de l'administration territoriale,11665,https://www.wadifa-info.com/fr/salaire-Inspecteur-de-l'administration-territoriale-au-maroc
مفتشون تربويون للتربية الوطنية,Inspecteur pédagogique de l'enseignement primaire 1er grade,11907,https://www.wadifa-info.com/fr/salaire-Inspecteur-pédagogique-de-l'enseignement-primaire-1er-grade-au-maroc
مفتشون تربويون للتربية الوطنية,Inspecteur pédagogique de l'enseignement secondaire 1er grade,11364,https://www.wadifa-info.com/fr/salaire-Inspecteur-pédagogique-de-l'enseignement-secondaire-1er-grade-au-maroc
مهندس و مهندس معماري,Architecte en chef grade principal,21430,https://www.wadifa-info.com/fr/salaire-Architecte-en-chef-grade-principal-au-maroc
مهندس و مهندس معماري,Ingénieur en chef grade principal,21430,https://www.wadifa-info.com/fr/salaire-Ingénieur-en-chef-grade-principal-au-maroc
مهندس و مهندس معماري,Ingénieur en chef premier grade,16079,https://www.wadifa-info.com/fr/salaire-Ingénieur-en-chef-premier-grade-au-maroc
مهندس و مهندس معماري,Architecte en chef premier grade,16079,https://www.wadifa-info.com/fr/salaire-Architecte-en-chef-premier-grade-au-maroc
مهندس و مهندس معماري,Architecte grade principal,13622,https://www.wadifa-info.com/fr/salaire-Architecte-grade-principal-au-maroc
مهندس و مهندس معماري,Ingénieur d'Etat grade principal,13622,https://www.wadifa-info.com/fr/salaire-Ingénieur-d'Etat-grade-principal-au-maroc
مهندس و مهندس معماري (نظامي 01/04/1967 و 01/01/1986),Ingénieur d'application grade principal,8927,https://www.wadifa-info.com/fr/salaire-Ingénieur-d'application-grade-principal-au-maroc
مهندس و مهندس معماري (نظامي 01/04/1967 و 01/01/1986),Ingénieur d'application premier grade,6943,https://www.wadifa-info.com/fr/salaire-Ingénieur-d'application-premier-grade-au-maroc
موظفو إدارة الجمارك والضرائب غير المباشرة,Ingénieur en Chef des Douanes grade principal,20413,https://www.wadifa-info.com/fr/salaire-Ingénieur-en-Chef-des-Douanes-grade-principal-au-maroc
موظفو إدارة الجمارك والضرائب غير المباشرة,Architecte en chef  des Douanes grade principal,20413,https://www.wadifa-info.com/fr/salaire-Architecte-en-chef-des-Douanes-grade-principal-au-maroc
موظفو إدارة الجمارك والضرائب غير المباشرة,Officier Principal des Douanes,15112,https://www.wadifa-info.com/fr/salaire-Officier-Principal-des-Douanes-au-maroc
موظفو إدارة الجمارك والضرائب غير المباشرة,Inspecteur principal des Douanes,15112,https://www.wadifa-info.com/fr/salaire-Inspecteur-principal-des-Douanes-au-maroc
موظفو إدارة الجمارك والضرائب غير المباشرة,Architecte en chef des Douanes de 1er grade,15063,https://www.wadifa-info.com/fr/salaire-Architecte-en-chef-des-Douanes-de-1er-grade-au-maroc
موظفو إدارة الجمارك والضرائب غير المباشرة,Ingénieur en Chef des Douanes de 1er grade,15063,https://www.wadifa-info.com/fr/salaire-Ingénieur-en-Chef-des-Douanes-de-1er-grade-au-maroc
موظفو إدارة الجمارك والضرائب غير المباشرة,Ingénieur d'Etat des Douanes grade principal,12622,https://www.wadifa-info.com/fr/salaire-Ingénieur-d'Etat-des-Douanes-grade-principal-au-maroc
موظفو إدارة الجمارك والضرائب غير المباشرة,Architecte des Douanes grade principal,12622,https://www.wadifa-info.com/fr/salaire-Architecte-des-Douanes-grade-principal-au-maroc
موظفو إدارة الجمارك والضرائب غير المباشرة,Architecte des Douanes de 1er grade,9849,https://www.wadifa-info.com/fr/salaire-Architecte-des-Douanes-de-1er-grade-au-maroc
موظفو إدارة الجمارك والضرائب غير المباشرة,Ingénieur d'Etat  des Douanes de 1er grade,9849,https://www.wadifa-info.com/fr/salaire-Ingénieur-d'Etat-des-Douanes-de-1er-grade-au-maroc
موظفو إدارة الجمارك والضرائب غير المباشرة,Officier des Douanes 1er grade,9506,https://www.wadifa-info.com/fr/salaire-Officier-des-Douanes-1er-grade-au-maroc
موظفو إدارة الجمارك والضرائب غير المباشرة,Inspecteur des Douanes de 1er grade,9506,https://www.wadifa-info.com/fr/salaire-Inspecteur-des-Douanes-de-1er-grade-au-maroc
موظفو إدارة الجمارك والضرائب غير المباشرة,Inspecteur des Douanes de 2ème grade,6855,https://www.wadifa-info.com/fr/salaire-Inspecteur-des-Douanes-de-2ème-grade-au-maroc
موظفو إدارة الجمارك والضرائب غير المباشرة,Officier des Douanes 2ème grade,6855,https://www.wadifa-info.com/fr/salaire-Officier-des-Douanes-2ème-grade-au-maroc
موظفو إدارة الجمارك والضرائب غير المباشرة,Officier des Douanes 3ème grade,5880,https://www.wadifa-info.com/fr/salaire-Officier-des-Douanes-3ème-grade-au-maroc
موظفو إدارة الجمارك والضرائب غير المباشرة,Inspecteur des Douanes de 3ème grade,5880,https://www.wadifa-info.com/fr/salaire-Inspecteur-des-Douanes-de-3ème-grade-au-maroc
موظفو إدارة الجمارك والضرائب غير المباشرة,Inspecteur des Douanes de 4ème grade,5566,https://www.wadifa-info.com/fr/salaire-Inspecteur-des-Douanes-de-4ème-grade-au-maroc
موظفو إدارة الجمارك والضرائب غير المباشرة,Agent technique des Douanes de 1er grade,5566,https://www.wadifa-info.com/fr/salaire-Agent-technique-des-Douanes-de-1er-grade-au-maroc
موظفو إدارة الجمارك والضرائب غير المباشرة,Officier des Douanes 4ème grade,5566,https://www.wadifa-info.com/fr/salaire-Officier-des-Douanes-4ème-grade-au-maroc
موظفو إدارة الجمارك والضرائب غير المباشرة,Gardien des Douanes de 1er grade,5566,https://www.wadifa-info.com/fr/salaire-Gardien-des-Douanes-de-1er-grade-au-maroc
موظفو إدارة الجمارك والضرائب غير المباشرة,Gardien des Douanes de 2ème grade,5120,https://www.wadifa-info.com/fr/salaire-Gardien-des-Douanes-de-2ème-grade-au-maroc
موظفو إدارة الجمارك والضرائب غير المباشرة,Agent technique des Douanes de 2ème grade,5120,https://www.wadifa-info.com/fr/salaire-Agent-technique-des-Douanes-de-2ème-grade-au-maroc
موظفو إدارة الجمارك والضرائب غير المباشرة,Agent technique des Douanes de 3ème grade,4933,https://www.wadifa-info.com/fr/salaire-Agent-technique-des-Douanes-de-3ème-grade-au-maroc
موظفو إدارة الجمارك والضرائب غير المباشرة,Gardien des Douanes de 3ème grade,4933,https://www.wadifa-info.com/fr/salaire-Gardien-des-Douanes-de-3ème-grade-au-maroc
موظفو إدارة السجون وإعادة الإدماج,Commandant éducateur principal,11018,https://www.wadifa-info.com/fr/salaire-Commandant-éducateur-principal-au-maroc
موظفو إدارة السجون وإعادة الإدماج,Commandant éducateur,8425,https://www.wadifa-info.com/fr/salaire-Commandant-éducateur-au-maroc
موظفو إدارة السجون وإعادة الإدماج,Officier éducateur principal,6948,https://www.wadifa-info.com/fr/salaire-Officier-éducateur-principal-au-maroc
موظفو إدارة السجون وإعادة الإدماج,Officier éducateur,6589,https://www.wadifa-info.com/fr/salaire-Officier-éducateur-au-maroc
موظفو إدارة السجون وإعادة الإدماج,Surveillant éducateur,5750,https://www.wadifa-info.com/fr/salaire-Surveillant-éducateur-au-maroc
موظفو التأطير بالقوات المساعدة,Inspecteur de 3ème classe,8602,https://www.wadifa-info.com/fr/salaire-Inspecteur-de-3ème-classe-au-maroc
موظفو التأطير بالقوات المساعدة,Moussaid de 4ème classe,5519,https://www.wadifa-info.com/fr/salaire-Moussaid-de-4ème-classe-au-maroc
موظفو التفتيش و التعليم الفني,Inspecteur de l'enseignement artistique,9512,https://www.wadifa-info.com/fr/salaire-Inspecteur-de-l'enseignement-artistique-au-maroc
موظفو التفتيش و التعليم الفني,Professeur de l'enseignement artistique 1er grade,9512,https://www.wadifa-info.com/fr/salaire-Professeur-de-l'enseignement-artistique-1er-grade-au-maroc
موظفو التفتيش و التعليم الفني,Professeur de l'enseignement artistique 2ème grade,7363,https://www.wadifa-info.com/fr/salaire-Professeur-de-l'enseignement-artistique-2ème-grade-au-maroc
موظفو التفتيش و التعليم الفني,Professeur adjoint de l'enseignement artistique 3ème grade,5072,https://www.wadifa-info.com/fr/salaire-Professeur-adjoint-de-l'enseignement-artistique-3ème-grade-au-maroc
موظفو التفتيش و التعليم الفني,Maître de l'enseignement artistique 4ème grade,4421,https://www.wadifa-info.com/fr/salaire-Maître-de-l'enseignement-artistique-4ème-grade-au-maroc
موظفو المطبعة الرسمية,Chef d'atelier principal,6434,https://www.wadifa-info.com/fr/salaire-Chef-d'atelier-principal-au-maroc
موظفو المطبعة الرسمية,Chef d'atelier,5366,https://www.wadifa-info.com/fr/salaire-Chef-d'atelier-au-maroc
موظفو المطبعة الرسمية,Contremaître,5069,https://www.wadifa-info.com/fr/salaire-Contremaître-au-maroc
موظفو المطبعة الرسمية,Agent spécialisé,4368,https://www.wadifa-info.com/fr/salaire-Agent-spécialisé-au-maroc
موظفو كتابة الضبط,Commissaire Judiciaire 2ème grade,10625,https://www.wadifa-info.com/fr/salaire-Commissaire-Judiciaire-2ème-grade-au-maroc
موظفو كتابة الضبط,Commissaire Judiciaire 3ème grade,8514,https://www.wadifa-info.com/fr/salaire-Commissaire-Judiciaire-3ème-grade-au-maroc
موظفو كتابة الضبط,Rédacteur Judiciaire 3ème grade,7291,https://www.wadifa-info.com/fr/salaire-Rédacteur-Judiciaire-3ème-grade-au-maroc
موظفو كتابة الضبط,Rédacteur Judiciaire 4ème grade,6945,https://www.wadifa-info.com/fr/salaire-Rédacteur-Judiciaire-4ème-grade-au-maroc
موظفو كتابة الضبط,Secrétaire Greffier 3ème grade,5726,https://www.wadifa-info.com/fr/salaire-Secrétaire-Greffier-3ème-grade-au-maroc
موظفو كتابة الضبط,Secrétaire Greffier 4ème grade,5518,https://www.wadifa-info.com/fr/salaire-Secrétaire-Greffier-4ème-grade-au-maroc
موظفي التفتيش و التعليم الفني المزاولون لمهام اخرى,Inspecteur principal de l'enseignement artistique (Personnel d'inspection et d'enseignement artistique exerçant d'autres fonctions),14608,https://www.wadifa-info.com/fr/salaire-Inspecteur-principal-de-l'enseignement-artistique-(Personnel-d'inspection-et-d'enseignement-artistique-exerçant-d'autres-fonctions)-au-maroc
موظفي التفتيش و التعليم الفني المزاولون لمهام اخرى,Professeur de l'enseignement artistique de grade principal (Personnel d'inspection et d'enseignement artistique exerçant d'autres fonctions),14608,https://www.wadifa-info.com/fr/salaire-Professeur-de-l'enseignement-artistique-de-grade-principal-(Personnel-d'inspection-et-d'enseignement-artistique-exerçant-d'autres-fonctions)-au-maroc
موظفي التفتيش و التعليم الفني المزاولون لمهام اخرى,Professeur adjoint de l'enseignement artistique du premier grade (Personnel d'inspection et d'enseignement artistique exerçant d'autres fonctions),8960,https://www.wadifa-info.com/fr/salaire-Professeur-adjoint-de-l'enseignement-artistique-du-premier-grade-(Personnel-d'inspection-et-d'enseignement-artistique-exerçant-d'autres-fonctions)-au-maroc
موظفي التفتيش و التعليم الفني المزاولون لمهام اخرى,Professeur adjoint de l'enseignement artistique du deuxiéme grade (Personnel d'inspection et d'enseignement artistique exerçant d'autres fonctions),6861,https://www.wadifa-info.com/fr/salaire-Professeur-adjoint-de-l'enseignement-artistique-du-deuxiéme-grade-(Personnel-d'inspection-et-d'enseignement-artistique-exerçant-d'autres-fonctions)-au-maroc
موظفي التفتيش و التعليم الفني المزاولون لمهام اخرى,Maître de l'enseignement artistique du premier grade (Personnel d'inspection et d'enseignement artistique exerçant d'autres fonctions),6861,https://www.wadifa-info.com/fr/salaire-Maître-de-l'enseignement-artistique-du-premier-grade-(Personnel-d'inspection-et-d'enseignement-artistique-exerçant-d'autres-fonctions)-au-maroc
موظفي التفتيش و التعليم الفني المزاولون لمهام اخرى,Maître de l'enseignement artistique du deuxiéme grade (Personnel d'inspection et d'enseignement artistique exerçant d'autres fonctions),6016,https://www.wadifa-info.com/fr/salaire-Maître-de-l'enseignement-artistique-du-deuxiéme-grade-(Personnel-d'inspection-et-d'enseignement-artistique-exerçant-d'autres-fonctions)-au-maroc
موظفي التفتيش و التعليم الفني المزاولون لمهام اخرى,Maître de l'enseignement artistique du troisiéme grade (Personnel d'inspection et d'enseignement artistique exerçant d'autres fonctions),5713,https://www.wadifa-info.com/fr/salaire-Maître-de-l'enseignement-artistique-du-troisiéme-grade-(Personnel-d'inspection-et-d'enseignement-artistique-exerçant-d'autres-fonctions)-au-maroc
موظفي التفتيش و التعليم الفني المزاولون لمهام التدريس أو التفتيش,Inspecteur principal de l'enseignement artistique (Personnel d'inspection et d'enseignement artistique exerçant des fonctions d'enseignement ou d'inspection),15088,https://www.wadifa-info.com/fr/salaire-Inspecteur-principal-de-l'enseignement-artistique-(Personnel-d'inspection-et-d'enseignement-artistique-exerçant-des-fonctions-d'enseignement-ou-d'inspection)-au-maroc
موظفي التفتيش و التعليم الفني المزاولون لمهام التدريس أو التفتيش,Professeur de l'enseignement artistique de grade principal (Personnel d'inspection et d'enseignement artistique exerçant des fonctions d'enseignement ou d'inspection),15088,https://www.wadifa-info.com/fr/salaire-Professeur-de-l'enseignement-artistique-de-grade-principal-(Personnel-d'inspection-et-d'enseignement-artistique-exerçant-des-fonctions-d'enseignement-ou-d'inspection)-au-maroc
موظفي التفتيش و التعليم الفني المزاولون لمهام التدريس أو التفتيش,Professeur adjoint de l'enseignement artistique du premier grade (Personnel d'inspection et d'enseignement artistique exerçant des fonctions d'enseignement ou d'inspection),9512,https://www.wadifa-info.com/fr/salaire-Professeur-adjoint-de-l'enseignement-artistique-du-premier-grade-(Personnel-d'inspection-et-d'enseignement-artistique-exerçant-des-fonctions-d'enseignement-ou-d'inspection)-au-maroc
موظفي التفتيش و التعليم الفني المزاولون لمهام التدريس أو التفتيش,Professeur adjoint de l'enseignement artistique du deuxiéme grade (Personnel d'inspection et d'enseignement artistique exerçant des fonctions d'enseignement ou d'inspection),7363,https://www.wadifa-info.com/fr/salaire-Professeur-adjoint-de-l'enseignement-artistique-du-deuxiéme-grade-(Personnel-d'inspection-et-d'enseignement-artistique-exerçant-des-fonctions-d'enseignement-ou-d'inspection)-au-maroc
موظفي التفتيش و التعليم الفني المزاولون لمهام التدريس أو التفتيش,Maître de l'enseignement artistique du premier grade (Personnel d'inspection et d'enseignement artistique exerçant des fonctions d'enseignement ou d'inspection),7363,https://www.wadifa-info.com/fr/salaire-Maître-de-l'enseignement-artistique-du-premier-grade-(Personnel-d'inspection-et-d'enseignement-artistique-exerçant-des-fonctions-d'enseignement-ou-d'inspection)-au-maroc
موظفي التفتيش و التعليم الفني المزاولون لمهام التدريس أو التفتيش,Maître de l'enseignement artistique du deuxiéme grade (Personnel d'inspection et d'enseignement artistique exerçant des fonctions d'enseignement ou d'inspection),6307,https://www.wadifa-info.com/fr/salaire-Maître-de-l'enseignement-artistique-du-deuxiéme-grade-(Personnel-d'inspection-et-d'enseignement-artistique-exerçant-des-fonctions-d'enseignement-ou-d'inspection)-au-maroc
موظفي التفتيش و التعليم الفني المزاولون لمهام التدريس أو التفتيش,Maître de l'enseignement artistique du troisiéme grade (Personnel d'inspection et d'enseignement artistique exerçant des fonctions d'enseignement ou d'inspection),6009,https://www.wadifa-info.com/fr/salaire-Maître-de-l'enseignement-artistique-du-troisiéme-grade-(Personnel-d'inspection-et-d'enseignement-artistique-exerçant-des-fonctions-d'enseignement-ou-d'inspection)-au-maroc
موظفي المطبعة الرسمية,Agent de maîtrise,4713,https://www.wadifa-info.com/fr/salaire-Agent-de-maîtrise-au-maroc
موظفي المطبعة الرسمية,Aide imprimeur,3999,https://www.wadifa-info.com/fr/salaire-Aide-imprimeur-au-maroc
موظفي المطبعة الرسمية,Agent de manutention,3743,https://www.wadifa-info.com/fr/salaire-Agent-de-manutention-au-maroc
هيئة الأساتذة الباحثين بالتعليم العالي,Professeur de l'enseignement supérieur de grade 'D' (Corps des enseignants-chercheurs de l’enseignement supérieur),33249,https://www.wadifa-info.com/fr/salaire-Professeur-de-l'enseignement-supérieur-de-grade-'D'-(Corps-des-enseignants-chercheurs-de-l'enseignement-supérieur)-au-maroc
هيئة الأساتذة الباحثين بالتعليم العالي,Professeur de l'enseignement supérieur de grade 'C' (Corps des enseignants-chercheurs de l’enseignement supérieur),29856,https://www.wadifa-info.com/fr/salaire-Professeur-de-l'enseignement-supérieur-de-grade-'C'-(Corps-des-enseignants-chercheurs-de-l'enseignement-supérieur)-au-maroc
هيئة الأساتذة الباحثين بالتعليم العالي,Professeur de l'enseignement supérieur de grade 'B' (Corps des enseignants-chercheurs de l’enseignement supérieur),26157,https://www.wadifa-info.com/fr/salaire-Professeur-de-l'enseignement-supérieur-de-grade-'B'-(Corps-des-enseignants-chercheurs-de-l'enseignement-supérieur)-au-maroc
هيئة الأساتذة الباحثين بالتعليم العالي,Maître de conférence habilité de grade 'C' (Corps des enseignants-chercheurs de l’enseignement supérieur),22510,https://www.wadifa-info.com/fr/salaire-Maître-de-conférence-habilité-de-grade-'C'-(Corps-des-enseignants-chercheurs-de-l'enseignement-supérieur)-au-maroc
هيئة الأساتذة الباحثين بالتعليم العالي,Professeur de l'enseignement supérieur de grade 'A' (Corps des enseignants-chercheurs de l’enseignement supérieur),22503,https://www.wadifa-info.com/fr/salaire-Professeur-de-l'enseignement-supérieur-de-grade-'A'-(Corps-des-enseignants-chercheurs-de-l'enseignement-supérieur)-au-maroc
هيئة الأساتذة الباحثين بالتعليم العالي,Maître de conférence de grade 'D' (Corps des enseignants-chercheurs de l’enseignement supérieur),21808,https://www.wadifa-info.com/fr/salaire-Maître-de-conférence-de-grade-'D'-(Corps-des-enseignants-chercheurs-de-l'enseignement-supérieur)-au-maroc
هيئة الأساتذة الباحثين بالتعليم العالي,Maître de conférence habilité de grade 'B' (Corps des enseignants-chercheurs de l’enseignement supérieur),21033,https://www.wadifa-info.com/fr/salaire-Maître-de-conférence-habilité-de-grade-'B'-(Corps-des-enseignants-chercheurs-de-l'enseignement-supérieur)-au-maroc
هيئة الأساتذة الباحثين بالتعليم العالي,Maître de conférence de grade 'C' (Corps des enseignants-chercheurs de l’enseignement supérieur),20418,https://www.wadifa-info.com/fr/salaire-Maître-de-conférence-de-grade-'C'-(Corps-des-enseignants-chercheurs-de-l'enseignement-supérieur)-au-maroc
هيئة الأساتذة الباحثين بالتعليم العالي,Maître de conférence habilité de grade 'A' (Corps des enseignants-chercheurs de l’enseignement supérieur),19323,https://www.wadifa-info.com/fr/salaire-Maître-de-conférence-habilité-de-grade-'A'-(Corps-des-enseignants-chercheurs-de-l'enseignement-supérieur)-au-maroc
هيئة الأساتذة الباحثين بالتعليم العالي,Maître de conférence de grade 'B' (Corps des enseignants-chercheurs de l’enseignement supérieur),18805,https://www.wadifa-info.com/fr/salaire-Maître-de-conférence-de-grade-'B'-(Corps-des-enseignants-chercheurs-de-l'enseignement-supérieur)-au-maroc
هيئة الأساتذة الباحثين بالتعليم العالي,Maître de conférence de grade 'A' (Corps des enseignants-chercheurs de l’enseignement supérieur),17242,https://www.wadifa-info.com/fr/salaire-Maître-de-conférence-de-grade-'A'-(Corps-des-enseignants-chercheurs-de-l'enseignement-supérieur)-au-maroc
هيئة الأساتذة الباحثين في التربية و التكوين,Professeur encadrant de grade 'D',33249,https://www.wadifa-info.com/fr/salaire-Professeur-encadrant-de-grade-'D'-au-maroc
هيئة الأساتذة الباحثين في التربية و التكوين,Professeur encadrant de grade 'C',29856,https://www.wadifa-info.com/fr/salaire-Professeur-encadrant-de-grade-'C'-au-maroc
هيئة الأساتذة الباحثين في التربية و التكوين,Professeur encadrant de grade 'B',26157,https://www.wadifa-info.com/fr/salaire-Professeur-encadrant-de-grade-'B'-au-maroc
هيئة الأساتذة الباحثين في التربية و التكوين,Professeur habilité de grade 'C',22510,https://www.wadifa-info.com/fr/salaire-Professeur-habilité-de-grade-'C'-au-maroc
هيئة الأساتذة الباحثين في التربية و التكوين,Professeur encadrant de grade 'A',22503,https://www.wadifa-info.com/fr/salaire-Professeur-encadrant-de-grade-'A'-au-maroc
هيئة الأساتذة الباحثين في التربية و التكوين,Professeur assistant de grade 'D',21808,https://www.wadifa-info.com/fr/salaire-Professeur-assistant-de-grade-'D'-au-maroc
هيئة الأساتذة الباحثين في التربية و التكوين,Professeur habilité de grade 'B',21033,https://www.wadifa-info.com/fr/salaire-Professeur-habilité-de-grade-'B'-au-maroc
هيئة الأساتذة الباحثين في التربية و التكوين,Professeur assistant de grade 'C',20418,https://www.wadifa-info.com/fr/salaire-Professeur-assistant-de-grade-'C'-au-maroc
هيئة الأساتذة الباحثين في التربية و التكوين,Professeur habilité de grade 'A',19323,https://www.wadifa-info.com/fr/salaire-Professeur-habilité-de-grade-'A'-au-maroc
هيئة الأساتذة الباحثين في التربية و التكوين,Professeur assistant de grade 'B',18805,https://www.wadifa-info.com/fr/salaire-Professeur-assistant-de-grade-'B'-au-maroc
هيئة الأساتذة الباحثين في التربية و التكوين,Professeur assistant de grade 'A',17242,https://www.wadifa-info.com/fr/salaire-Professeur-assistant-de-grade-'A'-au-maroc
هيئة الأساتذة الباحثين في الطب والصيدلة وطب الأسنان,"Professeur de l'enseignement supérieur de grade ""C"" (Médecine et Pharmacie)",45405,https://www.wadifa-info.com/fr/salaire-Professeur-de-l'enseignement-supérieur-de-grade-C-(Médecine-et-Pharmacie)-au-maroc
هيئة الأساتذة الباحثين في الطب والصيدلة وطب الأسنان,"Professeur de l'enseignement supérieur de grade ""B"" (Médecine et Pharmacie)",38787,https://www.wadifa-info.com/fr/salaire-Professeur-de-l'enseignement-supérieur-de-grade-B-(Médecine-et-Pharmacie)-au-maroc
هيئة الأساتذة الباحثين في الطب والصيدلة وطب الأسنان,"Professeur agrégé de grade ""C"" (médecine et pharmacie)",33734,https://www.wadifa-info.com/fr/salaire-Professeur-agrégé-de-grade-C-(médecine-et-pharmacie)-au-maroc
هيئة الأساتذة الباحثين في الطب والصيدلة وطب الأسنان,"Professeur de l'enseignement supérieur de grade ""A"" (Médecine et Pharmacie)",32385,https://www.wadifa-info.com/fr/salaire-Professeur-de-l'enseignement-supérieur-de-grade-A-(Médecine-et-Pharmacie)-au-maroc
هيئة الأساتذة الباحثين في الطب والصيدلة وطب الأسنان,"Professeur assistant de grade ""D"" (médecine et pharmacie)",30757,https://www.wadifa-info.com/fr/salaire-Professeur-assistant-de-grade-D-(médecine-et-pharmacie)-au-maroc
هيئة الأساتذة الباحثين في الطب والصيدلة وطب الأسنان,"Professeur agrégé de grade ""B"" (médecine et pharmacie)",30322,https://www.wadifa-info.com/fr/salaire-Professeur-agrégé-de-grade-B-(médecine-et-pharmacie)-au-maroc
هيئة الأساتذة الباحثين في الطب والصيدلة وطب الأسنان,"Professeur assistant de grade ""C"" (Médecine et Pharmacie)",27806,https://www.wadifa-info.com/fr/salaire-Professeur-assistant-de-grade-C-(Médecine-et-Pharmacie)-au-maroc
هيئة الأساتذة الباحثين في الطب والصيدلة وطب الأسنان,"Professeur agrégé de grade ""A"" (médecine et pharmacie)",26555,https://www.wadifa-info.com/fr/salaire-Professeur-agrégé-de-grade-A-(médecine-et-pharmacie)-au-maroc
هيئة الأساتذة الباحثين في الطب والصيدلة وطب الأسنان,"Professeur assistant de grade ""B"" (Médecine et Pharmacie)",24889,https://www.wadifa-info.com/fr/salaire-Professeur-assistant-de-grade-B-(Médecine-et-Pharmacie)-au-maroc
هيئة الأساتذة الباحثين في الطب والصيدلة وطب الأسنان,"Professeur assistant de grade ""A"" (Médecine et Pharmacie)",21771,https://www.wadifa-info.com/fr/salaire-Professeur-assistant-de-grade-A-(Médecine-et-Pharmacie)-au-maroc
هيئة الإدارة التربوية والتدبير,Conseiller en planification de l'éducation grade principal,14923,https://www.wadifa-info.com/fr/salaire-Conseiller-en-planification-de-l'éducation-grade-principal-au-maroc
هيئة الإدارة التربوية والتدبير,Économe grade principal,14661,https://www.wadifa-info.com/fr/salaire-Économe-grade-principal-au-maroc
هيئة الإدارة التربوية والتدبير,Spécialiste d'économie et administration grade principal,14554,https://www.wadifa-info.com/fr/salaire-Spécialiste-d'économie-et-administration-grade-principal-au-maroc
هيئة الإدارة التربوية والتدبير,Administrateur pédagogique grade principal,14488,https://www.wadifa-info.com/fr/salaire-Administrateur-pédagogique-grade-principal-au-maroc
هيئة الإدارة التربوية والتدبير,Spécialiste d'économie et administration 1er grade,10068,https://www.wadifa-info.com/fr/salaire-Spécialiste-d'économie-et-administration-1er-grade-au-maroc
هيئة الإدارة التربوية والتدبير,Administrateur pédagogique 1er grade,9969,https://www.wadifa-info.com/fr/salaire-Administrateur-pédagogique-1er-grade-au-maroc
هيئة الإدارة التربوية والتدبير,Assistant pédagogique 1er grade,9615,https://www.wadifa-info.com/fr/salaire-Assistant-pédagogique-1er-grade-au-maroc
هيئة الإدارة التربوية والتدبير,Assistant pédagogique 2ème grade,7489,https://www.wadifa-info.com/fr/salaire-Assistant-pédagogique-2ème-grade-au-maroc
هيئة الإدارة التربوية والتدبير,Assistant pédagogique 3ème grade,6443,https://www.wadifa-info.com/fr/salaire-Assistant-pédagogique-3ème-grade-au-maroc
هيئة الإدارة التربوية والتدبير,Assistant pédagogique 4ème grade,6145,https://www.wadifa-info.com/fr/salaire-Assistant-pédagogique-4ème-grade-au-maroc
هيئة الإدارة التربوية والتدبير,Assistant pédagogique 5ème grade,5559,https://www.wadifa-info.com/fr/salaire-Assistant-pédagogique-5ème-grade-au-maroc
هيئة التربية والتعليم,"Professeur agrégé de l'éducation et de la formation grade principal (classes préparatoires, BTS, centres de formation, universités)",16941,"https://www.wadifa-info.com/fr/salaire-Professeur-agrégé-de-l'éducation-et-de-la-formation-grade-principal-(classes-préparatoires,-BTS,-centres-de-formation,-universités)-au-maroc"
هيئة التربية والتعليم,Professeur agrégé de l'éducation et de la formation grade principal (secondaire qualifié),15800,https://www.wadifa-info.com/fr/salaire-Professeur-agrégé-de-l'éducation-et-de-la-formation-grade-principal-(secondaire-qualifié)-au-maroc
هيئة التربية والتعليم,Conseiller en orientation de l'éducation grade principal,14923,https://www.wadifa-info.com/fr/salaire-Conseiller-en-orientation-de-l'éducation-grade-principal-au-maroc
هيئة التربية والتعليم,Professeur de l'enseignement secondaire qualifié grade principal,14488,https://www.wadifa-info.com/fr/salaire-Professeur-de-l'enseignement-secondaire-qualifié-grade-principal-au-maroc
هيئة التربية والتعليم,Spécialiste pédagogique grade principal,14030,https://www.wadifa-info.com/fr/salaire-Spécialiste-pédagogique-grade-principal-au-maroc
هيئة التربية والتعليم,Professeur de l'enseignement primaire grade principal,14030,https://www.wadifa-info.com/fr/salaire-Professeur-de-l'enseignement-primaire-grade-principal-au-maroc
هيئة التربية والتعليم,Professeur de l'enseignement secondaire collégial grade principal,14030,https://www.wadifa-info.com/fr/salaire-Professeur-de-l'enseignement-secondaire-collégial-grade-principal-au-maroc
هيئة التربية والتعليم,Spécialiste social grade principal,14030,https://www.wadifa-info.com/fr/salaire-Spécialiste-social-grade-principal-au-maroc
هيئة التربية والتعليم,Professeur agrégé de l'éducation et de la formation grade principal,14030,https://www.wadifa-info.com/fr/salaire-Professeur-agrégé-de-l'éducation-et-de-la-formation-grade-principal-au-maroc
هيئة التربية والتعليم,"Professeur agrégé de l'éducation et de la formation 1er grade (classes préparatoires, BTS, centres de formation, universités)",12547,"https://www.wadifa-info.com/fr/salaire-Professeur-agrégé-de-l'éducation-et-de-la-formation-1er-grade-(classes-préparatoires,-BTS,-centres-de-formation,-universités)-au-maroc"
هيئة التربية والتعليم,Professeur agrégé de l'éducation et de la formation 1er grade (secondaire qualifié),11351,https://www.wadifa-info.com/fr/salaire-Professeur-agrégé-de-l'éducation-et-de-la-formation-1er-grade-(secondaire-qualifié)-au-maroc
هيئة التربية والتعليم,Professeur de l'enseignement secondaire collégial 1er grade,9512,https://www.wadifa-info.com/fr/salaire-Professeur-de-l'enseignement-secondaire-collégial-1er-grade-au-maroc
هيئة التربية والتعليم,Spécialiste social 1er grade,9512,https://www.wadifa-info.com/fr/salaire-Spécialiste-social-1er-grade-au-maroc
هيئة التربية والتعليم,Professeur agrégé de l'éducation et de la formation 1er grade,9512,https://www.wadifa-info.com/fr/salaire-Professeur-agrégé-de-l'éducation-et-de-la-formation-1er-grade-au-maroc
هيئة التربية والتعليم,Spécialiste pédagogique 1er grade,9512,https://www.wadifa-info.com/fr/salaire-Spécialiste-pédagogique-1er-grade-au-maroc
هيئة التربية والتعليم,Professeur de l'enseignement primaire 1er grade,9512,https://www.wadifa-info.com/fr/salaire-Professeur-de-l'enseignement-primaire-1er-grade-au-maroc
هيئة التفتيش والتأطير والمراقبة والتقييم,Inspecteur pédagogique de l'enseignement secondaire collégial grade principal,17012,https://www.wadifa-info.com/fr/salaire-Inspecteur-pédagogique-de-l'enseignement-secondaire-collégial-grade-principal-au-maroc
هيئة التفتيش والتأطير والمراقبة والتقييم,Inspecteur pédagogique de l'enseignement secondaire qualifié grade principal,17012,https://www.wadifa-info.com/fr/salaire-Inspecteur-pédagogique-de-l'enseignement-secondaire-qualifié-grade-principal-au-maroc
هيئة التفتيش والتأطير والمراقبة والتقييم,Inspecteur pédagogique de l'enseignement primaire grade principal,17012,https://www.wadifa-info.com/fr/salaire-Inspecteur-pédagogique-de-l'enseignement-primaire-grade-principal-au-maroc
هيئة التفتيش والتأطير والمراقبة والتقييم,Inspecteur des affaires financières grade principal,17012,https://www.wadifa-info.com/fr/salaire-Inspecteur-des-affaires-financières-grade-principal-au-maroc
هيئة التفتيش والتأطير والمراقبة والتقييم,Inspecteur pédagogique des cycles post-baccalauréat grade principal,17012,https://www.wadifa-info.com/fr/salaire-Inspecteur-pédagogique-des-cycles-post-baccalauréat-grade-principal-au-maroc
هيئة التفتيش والتأطير والمراقبة والتقييم,Inspecteur en orientation de l'éducation grade principal,17012,https://www.wadifa-info.com/fr/salaire-Inspecteur-en-orientation-de-l'éducation-grade-principal-au-maroc
هيئة التفتيش والتأطير والمراقبة والتقييم,Inspecteur en planification de l'éducation grade principal,17012,https://www.wadifa-info.com/fr/salaire-Inspecteur-en-planification-de-l'éducation-grade-principal-au-maroc
هيئة التفتيش والتأطير والمراقبة والتقييم,Inspecteur des affaires financières 1er grade,11907,https://www.wadifa-info.com/fr/salaire-Inspecteur-des-affaires-financières-1er-grade-au-maroc
هيئة التفتيش والتأطير والمراقبة والتقييم,Inspecteur pédagogique de l'enseignement secondaire collégial 1er grade,11907,https://www.wadifa-info.com/fr/salaire-Inspecteur-pédagogique-de-l'enseignement-secondaire-collégial-1er-grade-au-maroc
هيئة التفتيش والتأطير والمراقبة والتقييم,Inspecteur pédagogique des cycles post-baccalauréat 1er grade,11907,https://www.wadifa-info.com/fr/salaire-Inspecteur-pédagogique-des-cycles-post-baccalauréat-1er-grade-au-maroc
هيئة التفتيش والتأطير والمراقبة والتقييم,Inspecteur pédagogique de l'enseignement secondaire qualifié 1er grade,11907,https://www.wadifa-info.com/fr/salaire-Inspecteur-pédagogique-de-l'enseignement-secondaire-qualifié-1er-grade-au-maroc
هيئة المفتشية العامة للمالية,Grade exceptionnel d'inspecteur des finances,25447,https://www.wadifa-info.com/fr/salaire-Grade-exceptionnel-d'inspecteur-des-finances-au-maroc
هيئة المفتشية العامة للمالية,Inspecteur des finances chef de mission,18289,https://www.wadifa-info.com/fr/salaire-Inspecteur-des-finances-chef-de-mission-au-maroc
هيئة الممرضين و المساعدين الطبيين,Infirmier auxiliaire de grade exceptionnel,8891,https://www.wadifa-info.com/fr/salaire-Infirmier-auxiliaire-de-grade-exceptionnel-au-maroc
هيئة الممرضين و المساعدين الطبيين,Infirmier auxiliaire de grade principal,6948,https://www.wadifa-info.com/fr/salaire-Infirmier-auxiliaire-de-grade-principal-au-maroc
هيئة الممرضين و المساعدين الطبيين,Infirmier auxiliaire du premier grade,5808,https://www.wadifa-info.com/fr/salaire-Infirmier-auxiliaire-du-premier-grade-au-maroc
هيئة الممرضين و المساعدين الطبيين,Infirmier auxiliaire du deuxiéme grade,5575,https://www.wadifa-info.com/fr/salaire-Infirmier-auxiliaire-du-deuxiéme-grade-au-maroc
هيئة الممرضين وتقنيي الصحة,Infirmier de grade exceptionnel,16553,https://www.wadifa-info.com/fr/salaire-Infirmier-de-grade-exceptionnel-au-maroc
هيئة الممرضين وتقنيي الصحة,Sage femme de grade exceptionnel,16553,https://www.wadifa-info.com/fr/salaire-Sage-femme-de-grade-exceptionnel-au-maroc
هيئة الممرضين وتقنيي الصحة,Technicien de santé de grade exceptionnel,16553,https://www.wadifa-info.com/fr/salaire-Technicien-de-santé-de-grade-exceptionnel-au-maroc
هيئة الممرضين وتقنيي الصحة,Kinésithérapeute de grade exceptionnel,16553,https://www.wadifa-info.com/fr/salaire-Kinésithérapeute-de-grade-exceptionnel-au-maroc
هيئة الممرضين وتقنيي الصحة,Assistant médico-social de grade exceptionnel,16553,https://www.wadifa-info.com/fr/salaire-Assistant-médico-social-de-grade-exceptionnel-au-maroc
هيئة رجال التعليم الباحثين في التعليم العالي (نظام 26/02/1975),"Assistant du grade ""B"" (médecine et pharmacie)",15124,https://www.wadifa-info.com/fr/salaire-Assistant-du-grade-B-(médecine-et-pharmacie)-au-maroc
هيئة رجال التعليم الباحثين في التعليم العالي (نظام 26/02/1975),"Maître assistant du grade ""A"" (Médecine et Pharmacie)",14484,https://www.wadifa-info.com/fr/salaire-Maître-assistant-du-grade-A-(Médecine-et-Pharmacie)-au-maroc
هيئة رجال التعليم الباحثين في التعليم العالي (نظام 26/02/1975),"Assistant du grade ""B"" (Statut du 26/02/1975)",14454,https://www.wadifa-info.com/fr/salaire-Assistant-du-grade-B-(Statut-du-26-02-1975)-au-maroc
هيئة رجال التعليم الباحثين في التعليم العالي (نظام 26/02/1975),"Maître assistant du grade ""A"" (Statut du 26/02/1975)",13601,https://www.wadifa-info.com/fr/salaire-Maître-assistant-du-grade-A-(Statut-du-26-02-1975)-au-maroc
هيئة رجال التعليم الباحثين في التعليم العالي (نظام 26/02/1975),"Assistant du grade ""A"" (Statut du 26/02/1975)",10777,https://www.wadifa-info.com/fr/salaire-Assistant-du-grade-A-(Statut-du-26-02-1975)-au-maroc
هيئة رجال التعليم الباحثين في التعليم العالي (نظام 26/02/1975),"Assistant du grade ""A"" (médecine et pharmacie)",10189,https://www.wadifa-info.com/fr/salaire-Assistant-du-grade-A-(médecine-et-pharmacie)-au-maroc
هيئة كتابة الضبط,Commissaire judiciaire de grade principal,20505,https://www.wadifa-info.com/fr/salaire-Commissaire-judiciaire-de-grade-principal-au-maroc
هيئة كتابة الضبط,Commissaire judiciaire de 1er grade,17988,https://www.wadifa-info.com/fr/salaire-Commissaire-judiciaire-de-1er-grade-au-maroc
هيئة كتابة الضبط,Rédacteur judiciaire de grade principal,17988,https://www.wadifa-info.com/fr/salaire-Rédacteur-judiciaire-de-grade-principal-au-maroc
هيئة كتابة الضبط,Rédacteur judiciaire de 1er grade,14580,https://www.wadifa-info.com/fr/salaire-Rédacteur-judiciaire-de-1er-grade-au-maroc
هيئة كتابة الضبط,Rédacteur judiciaire de 2ème grade,8514,https://www.wadifa-info.com/fr/salaire-Rédacteur-judiciaire-de-2ème-grade-au-maroc
هيئة كتابة الضبط,Secrétaire greffier grade principal,8514,https://www.wadifa-info.com/fr/salaire-Secrétaire-greffier-grade-principal-au-maroc
هيئة كتابة الضبط,Secrétaire greffier de 1er grade,7291,https://www.wadifa-info.com/fr/salaire-Secrétaire-greffier-de-1er-grade-au-maroc
هيئة كتابة الضبط,Secrétaire greffier de 2ème grade,6945,https://www.wadifa-info.com/fr/salaire-Secrétaire-greffier-de-2ème-grade-au-maroc
هيئة متصرفي التربية الوطنية,Administrateur de l'éducation nationale de grade principal,14030,https://www.wadifa-info.com/fr/salaire-Administrateur-de-l'éducation-nationale-de-grade-principal-au-maroc
هيئة متصرفي التربية الوطنية,Administrateur de l'éducation nationale de 2ème grade,7363,https://www.wadifa-info.com/fr/salaire-Administrateur-de-l'éducation-nationale-de-2ème-grade-au-maroc
هيئة مفتشي الإدارة الترابية,Grade exceptionnel d'inspecteur de l'administration territoriale,24431,https://www.wadifa-info.com/fr/salaire-Grade-exceptionnel-d'inspecteur-de-l'administration-territoriale-au-maroc
هيئة مفتشي الإدارة الترابية,Inspecteur de l'administration territoriale chef de mission,17273,https://www.wadifa-info.com/fr/salaire-Inspecteur-de-l'administration-territoriale-chef-de-mission-au-maroc
هيئة موظفي إدارة السجون وإعادة الإدماج,Controleur général des prisons,15001,https://www.wadifa-info.com/fr/salaire-Controleur-général-des-prisons-au-maroc
هيئة موظفي إدارة السجون وإعادة الإدماج,Surveillant éducateur principal,5921,https://www.wadifa-info.com/fr/salaire-Surveillant-éducateur-principal-au-maroc
هيئة موظفي الأمن الوطني,Préfet de police,30429,https://www.wadifa-info.com/fr/salaire-Préfet-de-police-au-maroc
هيئة موظفي الأمن الوطني,Commandant de groupement principal,30429,https://www.wadifa-info.com/fr/salaire-Commandant-de-groupement-principal-au-maroc
هيئة موظفي الأمن الوطني,Commandant de groupement,24355,https://www.wadifa-info.com/fr/salaire-Commandant-de-groupement-au-maroc
هيئة موظفي الأمن الوطني,Contrôleur général,24355,https://www.wadifa-info.com/fr/salaire-Contrôleur-général-au-maroc
هيئة موظفي الأمن الوطني,Commissaire de police divisionnaire,21723,https://www.wadifa-info.com/fr/salaire-Commissaire-de-police-divisionnaire-au-maroc
هيئة موظفي الأمن الوطني,Commandant de paix divisionnaire,21723,https://www.wadifa-info.com/fr/salaire-Commandant-de-paix-divisionnaire-au-maroc
هيئة موظفي الأمن الوطني,Commandant de paix principal,16274,https://www.wadifa-info.com/fr/salaire-Commandant-de-paix-principal-au-maroc
هيئة موظفي الأمن الوطني,Commandant de paix,11845,https://www.wadifa-info.com/fr/salaire-Commandant-de-paix-au-maroc
هيئة موظفي الأمن الوطني,Officier de paix principal,9470,https://www.wadifa-info.com/fr/salaire-Officier-de-paix-principal-au-maroc
هيئة موظفي الأمن الوطني,Officier de police principal,9470,https://www.wadifa-info.com/fr/salaire-Officier-de-police-principal-au-maroc
هيئة موظفي الأمن الوطني,Inspecteur de police principal,7599,https://www.wadifa-info.com/fr/salaire-Inspecteur-de-police-principal-au-maroc
هيئة موظفي الأمن الوطني,Brigadier chef,7599,https://www.wadifa-info.com/fr/salaire-Brigadier-chef-au-maroc
هيئة موظفي الأمن الوطني,Brigadier,7203,https://www.wadifa-info.com/fr/salaire-Brigadier-au-maroc
