region,population_rgph_2024,concours,posts,posts_per_100k,share_of_posts_pct,share_of_population_pct
Laâyoune-Sakia El Hamra,451028,57,714,158.3,2.5,1.2
Dakhla-Oued Ed-Dahab,219965,40,330,150.0,1.1,0.6
Drâa-Tafilalet,1655623,140,2060,124.4,7.1,4.5
Souss-Massa,3020431,598,3732,123.6,12.9,8.2
Oriental,2294665,543,2751,119.9,9.5,6.2
Guelmim-Oued Noun,448685,85,481,107.2,1.7,1.2
Béni Mellal-Khénifra,2525801,387,2486,98.4,8.6,6.9
Fès-Meknès,4467911,539,3352,75.0,11.6,12.1
Rabat-Salé-Kénitra,5132639,501,3700,72.1,12.8,13.9
Casablanca-Settat,7688967,776,4831,62.8,16.7,20.9
Tanger-Tétouan-Al Hoceïma,4030222,349,2373,58.9,8.2,10.9
Marrakech-Safi,4892393,266,2205,45.1,7.6,13.3
