region_ar,specialty_ar,seats
طنجة تطوان الحسيمة,العربية,60
طنجة تطوان الحسيمة,الفرنسية,120
طنجة تطوان الحسيمة,الإنجليزية,90
طنجة تطوان الحسيمة,ت. إسلامية,45
طنجة تطوان الحسيمة,اجتماعيات,52
طنجة تطوان الحسيمة,معلوميات,30
طنجة تطوان الحسيمة,ع. الحياة والأرض,30
طنجة تطوان الحسيمة,فيزياء وكيمياء,30
طنجة تطوان الحسيمة,رياضيات,120
الشرق,العربية,60
الشرق,الفرنسية,90
الشرق,الإنجليزية,60
الشرق,ت. إسلامية,25
الشرق,اجتماعيات,57
الشرق,ت. بدنية,60
الشرق,ع. الحياة والأرض,60
الشرق,فيزياء وكيمياء,30
الشرق,رياضيات,120
فاس مكناس,العربية,60
فاس مكناس,الفرنسية,120
فاس مكناس,الإنجليزية,150
فاس مكناس,ت. إسلامية,40
فاس مكناس,اجتماعيات,52
فاس مكناس,ت. بدنية,60
فاس مكناس,معلوميات,30
فاس مكناس,ع. الحياة والأرض,60
فاس مكناس,فيزياء وكيمياء,60
فاس مكناس,رياضيات,120
الرباط سلا القنيطرة,العربية,90
الرباط سلا القنيطرة,الفرنسية,120
الرباط سلا القنيطرة,الإنجليزية,150
الرباط سلا القنيطرة,ت. إسلامية,40
الرباط سلا القنيطرة,اجتماعيات,52
الرباط سلا القنيطرة,ت. بدنية,60
الرباط سلا القنيطرة,ع. الحياة والأرض,90
الرباط سلا القنيطرة,فيزياء وكيمياء,30
الرباط سلا القنيطرة,رياضيات,120
الدار البيضاء سطات,العربية,150
الدار البيضاء سطات,الفرنسية,120
الدار البيضاء سطات,الإنجليزية,150
الدار البيضاء سطات,ت. إسلامية,50
الدار البيضاء سطات,اجتماعيات,54
الدار البيضاء سطات,ت. بدنية,50
الدار البيضاء سطات,معلوميات,30
الدار البيضاء سطات,ع. الحياة والأرض,60
الدار البيضاء سطات,فيزياء وكيمياء,60
الدار البيضاء سطات,رياضيات,120
الدار البيضاء سطات,تكنولوجيا,30
بني ملال خنيفرة,العربية,60
بني ملال خنيفرة,الفرنسية,90
بني ملال خنيفرة,الإنجليزية,60
بني ملال خنيفرة,ت. إسلامية,25
بني ملال خنيفرة,اجتماعيات,54
بني ملال خنيفرة,ت. بدنية,30
بني ملال خنيفرة,ع. الحياة والأرض,50
بني ملال خنيفرة,فيزياء وكيمياء,30
بني ملال خنيفرة,رياضيات,90
مراكش آسفي,العربية,120
مراكش آسفي,الفرنسية,120
مراكش آسفي,الإنجليزية,160
مراكش آسفي,ت. إسلامية,50
مراكش آسفي,اجتماعيات,54
مراكش آسفي,ت. بدنية,30
مراكش آسفي,ع. الحياة والأرض,60
مراكش آسفي,فيزياء وكيمياء,60
مراكش آسفي,رياضيات,120
سوس ماسة,العربية,60
سوس ماسة,الفرنسية,90
سوس ماسة,الإنجليزية,90
سوس ماسة,ت. إسلامية,25
سوس ماسة,اجتماعيات,52
سوس ماسة,ت. بدنية,30
سوس ماسة,فيزياء وكيمياء,90
سوس ماسة,رياضيات,90
درعة تافيلالت,العربية,30
درعة تافيلالت,الفرنسية,30
درعة تافيلالت,الإنجليزية,30
درعة تافيلالت,ت. إسلامية,25
درعة تافيلالت,ع. الحياة والأرض,30
درعة تافيلالت,فيزياء وكيمياء,30
كلميم واد نون,العربية,30
كلميم واد نون,الفرنسية,30
كلميم واد نون,اجتماعيات,26
كلميم واد نون,رياضيات,30
العيون الساقية الحمراء,العربية,30
العيون الساقية الحمراء,الفرنسية,30
العيون الساقية الحمراء,ت. إسلامية,26
العيون الساقية الحمراء,فيزياء وكيمياء,30
العيون الساقية الحمراء,رياضيات,30
الداخلة وادي الذهب,الإنجليزية,30
