cycle_ar,cycle_fr,specialty_ar,seats
الابتدائي,primaire,المزدوج,3452
الابتدائي,primaire,اللغة الأمازيغية,600
الثانوي الإعدادي,secondaire collégial,اللغة الإنجليزية,970
الثانوي الإعدادي,secondaire collégial,اللغة الفرنسية,960
الثانوي الإعدادي,secondaire collégial,الرياضيات,960
الثانوي الإعدادي,secondaire collégial,اللغة العربية,750
الثانوي الإعدادي,secondaire collégial,الاجتماعيات,453
الثانوي الإعدادي,secondaire collégial,الفيزياء والكيمياء,450
الثانوي الإعدادي,secondaire collégial,علوم الحياة والأرض,440
الثانوي الإعدادي,secondaire collégial,التربية الإسلامية,351
الثانوي الإعدادي,secondaire collégial,التربية البدنية والرياضية,320
الثانوي الإعدادي,secondaire collégial,المعلوميات,90
الثانوي الإعدادي,secondaire collégial,التكنولوجيا,30
الثانوي التأهيلي,secondaire qualifiant,اللغة الفرنسية,710
الثانوي التأهيلي,secondaire qualifiant,الرياضيات,707
الثانوي التأهيلي,secondaire qualifiant,اللغة الإنجليزية,520
الثانوي التأهيلي,secondaire qualifiant,اللغة العربية,485
الثانوي التأهيلي,secondaire qualifiant,علوم الحياة والأرض,450
الثانوي التأهيلي,secondaire qualifiant,الفيزياء والكيمياء,450
الثانوي التأهيلي,secondaire qualifiant,التاريخ والجغرافيا,380
الثانوي التأهيلي,secondaire qualifiant,التربية البدنية والرياضية,340
الثانوي التأهيلي,secondaire qualifiant,التربية الإسلامية,300
الثانوي التأهيلي,secondaire qualifiant,الفلسفة,140
الثانوي التأهيلي,secondaire qualifiant,المعلوميات,82
الثانوي التأهيلي,secondaire qualifiant,العلوم الصناعية للمهندس,30
الثانوي التأهيلي,secondaire qualifiant,علوم الاقتصاد والتدبير,30
