specialty_ar,dec_2022,dec_2023,2024_2025
الرياضيات,1642,2182,1667
اللغة الفرنسية,2521,1984,1670
اللغة الإنجليزية,665,1490,1490
اللغة العربية,1532,1407,1235
الاجتماعيات / التاريخ والجغرافيا,953,975,833
الفيزياء والكيمياء,624,776,900
علوم الحياة والأرض,648,696,890
التربية البدنية والرياضية,967,875,660
التربية الإسلامية,623,607,651
الفلسفة,200,200,140
المعلوميات,190,148,172
التكنولوجيا / العلوم الصناعية,35,30,60
علوم الاقتصاد والتدبير,,30,30
مجموع الثانوي,10600,11400,10398
المزدوج,7000,6000,3452
اللغة الأمازيغية,400,600,600
مجموع الابتدائي,7400,6600,4052
مجموع أطر التدريس,18000,18000,14450
الأطر المختصة (الدعم),2000,2000,
